Date,Close,High,Low,Open,Volume
,GOOG,GOOG,GOOG,GOOG,GOOG
2020-01-02,68.12372589111328,68.16208598510593,66.83734758257737,66.83734758257737,28132000
2020-01-03,67.78942108154297,68.37930442399039,67.03632869883518,67.15171305828703,23728000
2020-01-06,69.46092987060547,69.57501428962138,67.25834113577675,67.25834113577675,34646000
2020-01-07,69.41757202148438,69.8983427089121,69.27009928872117,69.64675190058186,30054000
2020-01-08,69.9646224975586,70.3263218842398,69.29303190259908,69.35480640849815,30560000
2020-01-09,70.73733520507812,71.11099262015763,70.26104211370898,70.77420529099804,30018000
2020-01-10,71.2305679321289,71.48958599528463,70.66360482018497,71.1224511531256,36414000
2020-01-13,71.703857421875,71.76812539703022,71.0457226438868,71.54941358661911,33046000
2020-01-14,71.28784942626953,71.83189220822926,71.16280282918358,71.69289579622128,31178000
2020-01-15,71.70236206054688,71.81171796918126,71.25447036301387,71.25447036301387,25654000
2020-01-16,72.32512664794922,72.33957820087372,71.78805494305209,72.11289179547897,23474000
2020-01-17,73.7544937133789,73.79958164704354,72.64996477290734,72.88362228919742,47924000
2020-01-21,73.95426940917969,74.32543330502209,73.29662877544352,73.69121467610098,40734000
2020-01-22,74.031494140625,74.89160097202414,73.9806742418447,74.28309255050281,32216000
2020-01-23,74.06636810302734,74.50828458240707,73.83968929856596,74.11569799645245,27024000
2020-01-24,73.07294464111328,74.50703893637343,73.00020034197286,74.41212697328763,35692000
2020-01-27,71.43831634521484,71.64607358067836,70.80558765170744,71.29383882097378,35104000
2020-01-28,72.36796569824219,72.53935456329114,71.36706080801932,71.89168026142487,31548000
2020-01-29,72.6703872680664,73.0091663200214,72.07801046020607,72.67885598415737,21554000
2020-01-30,72.53138732910156,72.60312815337686,71.56286719618645,71.74023131308448,26788000
2020-01-31,71.45475769042969,73.24332933521633,71.17077440981794,73.18204897262366,48344000
2020-02-03,74.03099822998047,74.23327436658063,72.68832651582746,72.83828513994706,60736000
2020-02-04,72.0944595336914,73.21194244120252,71.05967965107749,72.59266942795216,78660000
2020-02-05,72.15225219726562,72.92996017106478,71.27191614536156,72.85921521589113,39724000
2020-02-06,73.5472412109375,73.83470625780087,72.21901342432614,72.256879383982,33588000
2020-02-07,73.69670104980469,74.02601552536632,73.05500192940411,73.10233247546581,23446000
2020-02-10,75.16393280029297,75.20478637889101,73.45208879540156,73.45208879540156,28398000
2020-02-11,75.1694107055664,76.20767995883487,75.0123745430737,75.31987106902943,26892000
2020-02-12,75.64170837402344,75.76252822139317,75.13553152149302,75.45288792672153,23352000
2020-02-13,75.46186065673828,76.08561888964451,74.96066315107382,75.36371020707828,18590000
2020-02-14,75.7647705078125,75.7647705078125,75.09716350281852,75.50868686338217,23956000
2020-02-18,75.71145629882812,76.30731487256637,75.35872742368133,75.4787946633647,22414000
2020-02-19,76.06121063232422,76.33103885266067,75.7976541278208,75.98049935111298,18986000
2020-02-20,75.63573455810547,76.20817874720811,75.07126495040771,75.82754262619551,21932000
2020-02-21,73.9896469116211,75.3400422729174,73.75698527381057,75.13154004320887,34634000
2020-02-24,70.82501220703125,71.5912637591547,70.31684363464926,71.05020099096896,57342000
2020-02-25,69.1739501953125,71.64955212683627,68.87253535172991,71.393476084412,49566000
2020-02-26,69.40959167480469,70.5315672341156,68.70313052127754,69.55706439531768,44048000
2020-02-27,65.66854858398438,68.33964561997183,65.62270804503615,67.85917139391135,59566000
2020-02-28,66.72673797607422,66.81691383567602,63.322470040765474,63.646307197673856,75782000
2020-03-02,69.20684051513672,69.29453051462616,66.1032455058984,67.33855319181407,48630000
2020-03-03,66.82937622070312,70.2550631453751,66.36155187083929,69.72048493834501,48046000
2020-03-04,69.07779693603516,69.1560223385628,66.91507361334381,67.71818774596102,38266000
2020-03-05,65.71588134765625,67.70224395246086,65.02137055188088,67.26830203993596,51226000
2020-03-06,64.68807220458984,65.07716944684681,62.82676002012818,63.624393022283726,53212000
2020-03-09,60.56039810180664,62.513379856277695,59.7851836751192,60.0492342948513,67308000
2020-03-10,63.7902946472168,63.82816060450684,60.72032413320116,62.77444398655538,52228000
2020-03-11,60.55292892456055,62.822275144351416,59.58939193197648,62.261291077239086,52170000
2020-03-12,55.54591369628906,59.479780572682195,55.46570415971886,56.09842900414178,84534000
2020-03-13,60.768150329589844,60.76964413812781,55.65716613929466,58.73894256662921,74002000
2020-03-16,54.02239227294922,57.407081382695296,53.52966348290674,54.60380312270381,85048000
2020-03-17,55.78954315185547,56.34056086815719,52.6114596712959,54.45981784071647,77230000
2020-03-18,54.64365768432617,55.126921857466215,51.6783108595846,52.63637048966399,84668000
2020-03-19,55.564849853515625,57.69120851467344,52.81563000992744,54.456831557327384,73022000
2020-03-20,53.42404556274414,56.99471585428309,53.08376886721932,56.58269453030905,72036000
2020-03-23,52.6418571472168,53.37422632808671,50.49536805413706,52.87601641468296,80882000
2020-03-24,56.519920349121094,56.54682410965626,54.335766791800566,54.99091403195887,66890000
2020-03-25,54.92714309692383,57.23933464646578,54.1060918807709,56.12185173507094,81630000
2020-03-26,57.87953186035156,58.289059664850335,54.48074110233106,55.39097224753592,71434000
2020-03-27,55.336669921875,57.32751772461685,55.09753130474649,56.081993007373114,64170000
2020-03-30,57.135704040527344,57.3753443873021,54.62771725234835,56.05060224191167,51482000
2020-03-31,57.932342529296875,58.55510488311153,56.703261119657064,57.15962155498236,49728000
2020-04-01,55.08307647705078,56.282270249050356,54.67604215570857,55.89914446654405,46884000
2020-04-02,55.84135437011719,56.141275401525384,54.62372933746652,54.71639488242185,39298000
2020-04-03,54.69746780395508,55.97587150922342,53.79720293795534,55.75043184056625,46268000
2020-04-06,59.13352966308594,59.51914515659062,56.344550877283865,56.69628770254205,53294000
2020-04-07,59.113101959228516,61.030711333281545,58.89986742758703,60.831426617699606,47746000
2020-04-08,60.29734802246094,60.73527343208442,59.195308721541366,60.1090255003296,39502000
2020-04-09,60.35563278198242,61.05910639269622,59.622518664139875,60.98487208848688,43508000
2020-04-13,60.66004180908203,60.807016615626516,59.16730885587306,60.24254319783127,34796000
2020-04-14,63.234291076660156,63.87399466288556,61.62507528748056,62.03161549357299,49408000
2020-04-15,62.89750289916992,63.793784258229195,61.79795334033705,62.057518739034414,33434000
2020-04-16,62.94732666015625,63.7210473387222,61.90855946877359,63.47692555060155,50362000
2020-04-17,63.93278503417969,64.48978182697054,63.33393879149443,64.01250044409663,38980000
2020-04-20,63.103763580322266,63.850580469073726,62.84270056758679,63.32247540806169,33910000
2020-04-21,60.599266052246094,62.48897589223357,60.268951875599825,62.12677479106531,43060000
2020-04-22,62.93436813354492,64.05050541099202,61.877663911778804,62.05403215068885,41848000
2020-04-23,63.5870246887207,64.43397997944243,63.05693167795852,63.34987781548499,31324000
2020-04-24,63.736488342285156,63.790789996183854,62.24883360306302,62.832734125623766,32792000
2020-04-27,63.56560134887695,64.57547679678876,63.22283498633219,64.56800395261827,32012000
2020-04-28,61.46265411376953,64.17191729186524,61.38941948424388,64.16594205765055,59026000
2020-04-29,66.83384704589844,67.75603236960137,66.02973720380623,66.83285117362887,75872000
2020-04-30,67.19157409667969,67.39882959463397,65.88775661719674,66.00683559309654,53378000
2020-05-01,65.79409790039062,67.3614642516672,65.31531893094996,66.18718622925435,41450000
2020-05-04,66.10248565673828,66.14533858027171,64.71746274764548,65.17731255153716,30080000
2020-05-05,67.31363677978516,68.45105239982712,66.63358510381838,66.65650537527071,33030000
2020-05-06,67.12380981445312,68.31054754218174,67.12331567932593,67.8407390673944,24308000
2020-05-07,68.3823013305664,68.63339804359983,67.52089440512763,68.05248507579938,27952000
2020-05-08,69.16996765136719,69.68760844457282,68.52777438862209,68.90890464132967,27738000
2020-05-11,69.91180419921875,70.57292666652954,68.61107315028227,68.66727532585466,28242000
2020-05-12,68.54073333740234,70.49670290759258,68.4924069148752,70.10411629249947,27812000
2020-05-13,67.2249526977539,69.02608296778743,66.18219826915727,68.60599205871856,36252000
2020-05-14,67.5637435913086,67.62801157479208,65.95851120564234,66.51201864323788,32062000
2020-05-15,68.41368865966797,68.47795664514966,66.71030576743806,67.25833972454419,34154000
2020-05-18,68.94925689697266,69.36700636887353,67.47007467895354,67.84373208983708,36448000
2020-05-19,68.42838287353516,69.35081926922581,68.42838287353516,69.10156986997157,25612000
2020-05-20,70.08418273925781,70.26852557468654,69.11417254852687,69.23024870647818,33108000
2020-05-21,69.88888549804688,70.52111247443372,69.4230604489868,70.14795677957501,27700000
2020-05-22,70.26851654052734,70.38509442076389,69.34234006155904,69.58546974957504,26188000
2020-05-26,70.59732818603516,71.79204048259427,70.3537043665957,71.60620766622463,41212000
2020-05-27,70.63818359375,70.83248513095839,69.31543705158543,70.60879395632884,33716000
2020-05-28,70.58289337158203,71.78407519266794,69.55010521988339,69.5929505415694,33844000
2020-05-29,71.1902084350586,71.37205778596045,70.41449981432054,70.5933539457811,36418000
2020-06-01,71.33468627929688,71.64058633714184,70.64615838001815,70.66558929400338,24342000
2020-06-02,71.70336151123047,71.72279242651851,70.68751082730623,71.27141135212777,25562000
2020-06-03,71.56187438964844,72.06865183730712,71.2329095891964,71.65753136014015,25124000
2020-06-04,70.356201171875,71.69040407543716,69.98503725880404,71.26393503645289,29686000
2020-06-05,71.6620101928711,71.9938181415722,70.04830924942172,70.40552334664528,34698000
2020-06-08,72.07154083251953,72.1402940426909,70.86238441975776,70.86238441975776,28084000
2020-06-09,72.54732513427734,73.13720846282126,71.90214428228695,72.00925757694748,28184000
2020-06-10,73.03009796142578,73.44904095512503,72.55280900832531,72.71572156988468,30504000
2020-06-11,69.9406967163086,72.4633783539846,69.84902324055142,71.86577889057376,39826000
2020-06-12,70.40602111816406,71.59275894947336,69.05288896980493,71.16878337124848,38928000
2020-06-15,70.73832702636719,70.98493847353093,69.14754635473658,69.29102799634474,30078000
2020-06-16,71.87773895263672,72.49053498978878,71.03974651051058,72.00229142534695,34184000
2020-06-17,72.29623413085938,72.7386447614421,71.31276828342614,72.09894495832376,30992000
2020-06-18,71.54093933105469,72.31068025179812,71.09504698146569,72.19857999287221,31638000
2020-06-19,71.32970428466797,72.13082663218098,70.81305935612863,71.94150444297918,63158000
2020-06-22,72.33309936523438,72.37743469110693,70.90572537326642,71.1941862683683,30848000
2020-06-23,72.95834350585938,73.5328325986957,72.00327914551515,72.52141402841107,28596000
2020-06-24,71.3421630859375,73.50688561657245,71.23156043207413,72.81387245217365,35120000
2020-06-25,71.80847930908203,71.88669710131052,70.74579987084343,71.23903036725484,24610000
2020-06-26,67.75157165527344,71.41590359092912,67.3574874150652,71.31327550699982,85354000
2020-06-29,69.498779296875,69.53016828238614,67.10936974589222,67.66586475833405,36204000
2020-06-30,70.42744445800781,70.67854874983512,68.95025395932078,69.2730990764932,40848000
2020-07-01,71.64456939697266,71.8916825762437,70.23861810447518,70.30239194502477,35504000
2020-07-02,72.9728012084961,73.88203271256032,72.06207209478745,72.08797998142785,37182000
2020-07-06,74.51725006103516,75.05979522961492,73.3793328774394,73.73804457350212,31280000
2020-07-07,73.9931411743164,75.5684745653254,73.91192815547616,74.23327567203478,29164000
2020-07-08,74.5322036743164,75.02443073485037,74.0155587336849,74.44850477647275,24994000
2020-07-09,75.27902221679688,75.86342453625866,74.13787394593275,75.05283752221942,28466000
2020-07-10,76.81100463867188,76.9151303165417,74.55910155405785,75.03788049778584,37126000
2020-07-13,75.29645538330078,78.57427448460577,74.9926990857716,77.22253349363405,36928000
2020-07-14,75.75679779052734,75.87487328964137,73.90943925246394,74.2487200614685,31700000
2020-07-15,75.41104125976562,76.49166167737252,74.63184330014697,75.88384500130714,32214000
2020-07-16,75.62825775146484,75.66263435320313,74.04942755345188,74.73147848917887,30386000
2020-07-17,75.50619506835938,75.89928339532172,74.65276281706801,75.80861339308454,29134000
2020-07-20,78.00572204589844,78.23340433066593,74.91083940978167,75.49175232432286,31146000
2020-07-21,77.64201354980469,79.06540395283314,77.43575395146159,79.06540395283314,24324000
2020-07-22,78.14373016357422,78.21896035082695,77.02823890179884,77.74566242962973,18640000
2020-07-23,75.5126724243164,78.31211540945279,75.0997578719082,78.06799743119716,32552000
2020-07-24,75.3228530883789,75.6101204586288,74.15355447452671,74.67817396274903,30880000
2020-07-27,76.23607635498047,76.77264631663479,75.48925568592946,75.50868660063844,24920000
2020-07-28,74.74842071533203,76.05074057337652,74.61490539134913,75.98597845727959,34044000
2020-07-29,75.82854461669922,76.28849327033869,74.79774816459617,75.04635899083573,22130000
2020-07-30,76.2983627319336,76.61821265922241,74.34388308640193,74.58202585443561,33428000
2020-07-31,73.88253784179688,75.17738488354603,72.44121392718817,74.98109158200427,68798000
2020-08-03,73.45855712890625,74.25668422333258,73.0196282781996,74.06587203460529,46604000
2020-08-04,72.98625183105469,74.01206886075751,72.6713888949411,73.5641771323543,38070000
2020-08-05,73.41670227050781,73.85512939706241,72.91101954698019,73.20197393411127,39590000
2020-08-06,74.73645782470703,74.8505498279593,73.03756799189742,73.32403713892269,39908000
2020-08-07,74.45697021484375,75.57071285686534,73.81676870052543,74.73148130186058,31556000
2020-08-10,74.53717803955078,74.93450071008027,73.39029795982702,74.09277569240042,25786000
2020-08-11,73.75100708007812,75.22969522518599,73.6354250587106,74.35484027905359,29088000
2020-08-12,75.06129455566406,75.34856192057725,73.99661577606584,74.0130590731524,28740000
2020-08-13,75.65067291259766,76.58730983393441,75.13029541649884,75.24662242586751,29104000
2020-08-14,75.1166000366211,75.82256718674142,74.8749679269288,75.51168012913985,27096000
2020-08-17,75.62726593017578,76.00740031438633,75.1285543096458,75.46235401919508,27566000
2020-08-18,77.65099334716797,77.84379728947582,75.91273984080412,76.0357947029655,40542000
2020-08-19,77.09947204589844,78.40228594083284,76.92111206782128,77.38743119727448,33212000
2020-08-20,78.80435180664062,79.00961556090665,76.63464983851671,76.89620699303977,34138000
2020-08-21,78.73809051513672,79.59999148935754,78.11956251593469,78.56919511356264,28930000
2020-08-24,79.12569427490234,80.4195453529427,78.74555990528167,79.41365343390686,28198000
2020-08-25,80.12310791015625,80.29249743531648,78.82028641058773,78.82028641058773,44942000
2020-08-26,82.32320404052734,82.66397484069635,79.89293336609661,80.11214692058896,79868000
2020-08-27,81.42393493652344,82.45373543110213,80.99647000654137,82.38796984139424,37232000
2020-08-28,81.9261245727539,82.06363098038325,81.24557124326506,81.38208177852601,29980000
2020-08-31,81.41645812988281,82.1032375600804,81.22365419912411,82.0995049392302,36468000
2020-09-01,82.73821258544922,82.98831339794923,81.31881312335304,81.53852082213,36506000
2020-09-02,86.10462188720703,86.34873987239516,83.01820791378776,83.38912858933894,50224000
2020-09-03,81.798095703125,85.17964516872897,80.46388511295173,85.17964516872897,62156000
2020-09-04,79.2671890258789,81.96100877078132,77.10361433945475,80.92223779550328,52172000
2020-09-08,76.34518432617188,77.91330329540637,76.12696663128943,76.40098359042678,52218000
2020-09-09,77.56928253173828,78.16912459266335,76.52757721817763,77.59768389970756,35494000
2020-09-10,76.32675170898438,78.92048252348167,76.01711899708599,77.75262821216407,32372000
2020-09-11,75.76377868652344,78.47802523690928,74.59995349288066,76.52504334961185,31942000
2020-09-14,75.69202423095703,77.9200187775262,75.51566359711043,76.67474500070354,33932000
2020-09-15,76.79606628417969,77.69932260664628,76.31753816336949,76.52504453516855,26622000
2020-09-16,75.77273559570312,77.82037841932755,75.7189280795232,77.49853679669494,26234000
2020-09-17,74.50878143310547,75.14490065680299,73.23685467097842,74.53220344068475,37596000
2020-09-18,72.73814392089844,74.88109419570088,71.59923833567183,74.63233894048756,62078000
2020-09-21,71.30180358886719,72.15872518751786,70.07570980844478,71.74521007637182,57776000
2020-09-22,73.01066589355469,73.21293441697799,71.46970161710587,72.24491604968256,31664000
2020-09-23,70.50716400146484,72.78647286049964,70.13301242700652,72.67786954472031,33148000
2020-09-24,71.1588134765625,71.92700357591858,70.2401174139501,70.29890429211261,29004000
2020-09-25,71.98934173583984,72.24043844096269,70.41400069075712,71.37504805269855,26460000
2020-09-28,72.96383666992188,73.57563686654053,72.20561280985392,73.44660676219887,40158000
2020-09-29,73.2034683227539,73.5688090413152,72.6790997109889,73.25627996643124,19564000
2020-09-30,73.21692657470703,74.220819168746,72.73266651539177,73.07742081579438,34032000
2020-10-01,74.23775482177734,74.68365477779284,73.69570376792392,73.94779631658012,35590000
2020-10-02,72.65991973876953,73.8944897877433,72.2862623452686,72.83977732895586,25682000
2020-10-05,74.03498840332031,74.14409344979013,72.9513803745539,73.04803321463315,22266000
2020-10-06,72.41181182861328,74.07184746665617,72.17017973957381,73.5148507219076,24908000
2020-10-07,72.75309753417969,73.18504010824556,71.54294525170684,72.95237845493793,34924000
2020-10-08,74.03050231933594,74.23327258625343,72.99223310534455,72.99223310534455,23756000
2020-10-09,75.48975372314453,75.55451583358757,74.20586902021198,74.4674261480325,28706000
2020-10-12,78.17660522460938,79.40768605628398,76.35415859142823,76.87379116626018,49652000
2020-10-13,78.30265045166016,79.21537132134426,77.88017248517762,78.90299427235132,32020000
2020-10-14,78.12329864501953,79.0999910644463,77.24893782313865,78.6469147044331,38586000
2020-10-15,77.6773910522461,78.47328312755852,76.97492092769986,77.08053661343462,30800000
2020-10-16,78.36891174316406,78.7734640142574,77.87020771550331,78.01219935936007,28694000
2020-10-19,76.45578002929688,79.1231974763329,76.12646557310629,78.74007550563559,32142000
2020-10-20,77.51797485351562,78.5926124623821,76.01039119543788,76.07914440554948,44834000
2020-10-21,79.3802719116211,80.64672508348846,78.30015330180399,78.38484806561624,51366000
2020-10-22,80.47734069824219,80.8091486681125,78.96626772692481,79.36732304019898,28672000
2020-10-23,81.7562484741211,81.82399820975644,80.73541078336078,81.0124153689847,27516000
2020-10-26,79.23778533935547,81.61873369883584,78.54278046424884,80.9596030348755,37066000
2020-10-27,79.92581939697266,80.05460623126643,78.85566701810664,79.49786031329589,24580000
2020-10-28,75.55950927734375,77.78799809147694,75.45986882020406,77.70778854976022,36680000
2020-10-29,78.08145141601562,79.40021466225204,75.83950676451701,75.84548199948907,40062000
2020-10-30,80.76031494140625,84.04800129900698,79.93577823679163,83.30616761304869,86582000
2020-11-02,81.01042175292969,82.7412024368724,80.51221185929819,81.1165391831238,50708000
2020-11-03,82.21509552001953,82.78753973985212,80.54161165748323,81.2968935014004,33234000
2020-11-04,87.14337921142578,88.2511541967473,84.99609591226361,85.20783662504263,71418000
2020-11-05,87.85283660888672,89.36091429659673,87.21213336445717,88.73118085261464,41316000
2020-11-06,87.77212524414062,88.30420997882027,86.70595642792426,87.38352215425387,33218000
2020-11-09,87.83440399169922,90.57754596852064,87.68593537863329,89.22440622191118,45366000
2020-11-10,86.70794677734375,87.83440006431711,85.55757734926334,86.24460765327092,52722000
2020-11-11,87.32173919677734,87.89517923723257,87.05544596343995,87.18672626965775,25280000
2020-11-12,87.17875671386719,88.09695870239756,86.9675177261347,87.06865579403672,24950000
2020-11-13,88.53289031982422,88.73317470614236,86.91520581414701,87.56686367035208,29998000
2020-11-16,88.75011444091797,89.63144634561714,88.0680634532121,88.26784610746493,24936000
2020-11-17,88.19062042236328,88.93046238833259,88.03368309593353,88.52890535206672,22942000
2020-11-18,87.02629852294922,88.3560237971629,86.99441540305136,87.94549631964176,23470000
2020-11-19,87.88023376464844,88.16271942743678,86.53930300603713,86.60780534214375,24998000
2020-11-20,86.7976303100586,88.3824359289144,86.78119461308557,87.94451050808739,46270000
2020-11-23,86.43243408203125,87.38102914485503,85.57850771329827,87.16680254889592,43232000
2020-11-24,88.1273422241211,88.26285688153047,86.07521425570091,86.21521413962614,31560000
2020-11-25,88.25439453125,88.60862102244772,87.51256081825862,88.32713122684146,20916000
2020-11-27,89.3385009765625,89.87706271477253,88.30471695682945,88.33710181658857,17698000
2020-11-30,87.72180938720703,89.08316697860324,87.4358343604133,88.74034360127615,36476000
2020-12-01,89.58311462402344,90.9148316611526,88.15175713429376,88.40086206683466,34738000
2020-12-02,91.07028198242188,91.45390575179808,89.15331865171993,89.58312505785892,24440000
2020-12-03,91.01148223876953,92.02932460298085,90.80621850229876,90.8739758328852,24546000
2020-12-04,91.072265625,91.32983928089875,90.5242393195846,90.8993867362451,27564000
2020-12-07,90.6482925415039,91.2904858226934,89.96574742148972,90.62437639889983,26418000
2020-12-08,90.6019515991211,90.76885524646796,89.48870313100561,90.1809636609396,21926000
2020-12-09,88.88711547851562,91.38514355811702,88.0740426806724,90.27612941214994,30152000
2020-12-10,88.44869995117188,88.74662545546158,86.70446357568733,88.17318537790146,27256000
2020-12-11,88.76954650878906,88.90306943819704,87.68494258118176,87.83739468926349,24414000
2020-12-14,87.68792724609375,89.54774559544967,87.54618647320665,88.43225445521954,32004000
2020-12-15,88.07205200195312,88.25390136066297,87.18424307436109,87.90515593485243,29646000
2020-12-16,87.83440399169922,88.33261387525727,87.48964208329406,88.3266310386734,30270000
2020-12-17,87.08209991455078,88.27203058464158,86.62175600118537,88.10891276862174,32494000
2020-12-18,86.24063110351562,87.44131879032135,85.70306523505066,87.39498411397761,80328000
2020-12-21,86.6571273803711,86.73086754886542,84.64585288156944,85.36875740142833,36568000
2020-12-22,85.8664779663086,86.55923267897111,85.322184267216,86.41101493195013,18734000
2020-12-23,86.30888366699219,87.08658397331801,85.94319324817421,86.09614708208859,20676000
2020-12-24,86.6312255859375,86.98745144144733,86.14596963064815,86.43941751149356,6936000
2020-12-28,88.48655700683594,89.2158397079636,87.00413627876506,87.26818691193196,27860000
2020-12-29,87.62117004394531,89.30113847739997,87.49014059474887,89.06947269445656,25988000
2020-12-30,86.66460418701172,87.9387811423012,85.97109687580982,87.78508229747757,26122000
2020-12-31,87.28040313720703,87.6316420507372,86.46035153708743,86.46035153708743,20238000
2021-01-04,86.10262298583984,87.717319796387,85.08677235637404,87.56237421963833,38038000
2021-01-05,86.7343521118164,87.07064530144442,85.5932039621892,85.94120435420494,22906000
2021-01-06,86.45386505126953,87.08708785762342,84.64585490362796,84.82670837274003,52042000
2021-01-07,89.04256439208984,89.09985366331173,86.54154865050819,86.69150727101282,45300000
2021-01-08,90.0369873046875,90.1680167508294,88.35926912599481,89.07893520733126,41012000
2021-01-11,88.01973724365234,89.39455055264341,87.71084954094826,88.98377217561016,24194000
2021-01-12,87.01483917236328,88.58370299556717,85.95664499743567,87.3820195819166,27140000
2021-01-13,87.40594482421875,87.93578697058811,86.5893750391474,86.61777640877358,21882000
2021-01-14,86.6974868774414,88.43275268694677,86.35969608887581,87.36707801613831,23590000
2021-01-15,86.49870300292969,87.4856581763332,85.76932148666418,86.59834345875012,26844000
2021-01-19,89.222412109375,90.13986905214878,86.76125413357745,87.29882757063513,34692000
2021-01-20,94.0072250366211,94.84471573719306,90.94970663424161,91.24514625351006,49806000
2021-01-21,94.22394561767578,96.39663518128715,94.01768599304087,94.56023881445353,41278000
2021-01-22,94.71218872070312,95.20541924704591,93.75114142011083,94.44464873344057,25442000
2021-01-25,94.62998962402344,96.1335821761026,93.04219643637758,95.68968153399263,38546000
2021-01-26,95.51878356933594,95.90539489450867,93.8749404336184,94.10386943798862,26262000
2021-01-27,91.21176147460938,94.1616647073556,90.12616175049438,93.78950491733684,54966000
2021-01-28,92.82197570800781,94.60157675407733,91.80214162626152,91.86690373597584,35462000
2021-01-29,91.45838928222656,92.53152930116113,90.18596073649785,91.97802185748834,32252000
2021-02-01,94.72713470458984,95.77546908638578,92.2151643313105,92.34668791083097,32044000
2021-02-02,96.03045654296875,97.43789793993892,95.38178630319933,95.78383748183572,45474000
2021-02-03,103.13292694091797,105.44611031774205,100.55767709784617,103.27890206013849,82364000
2021-02-04,102.74932098388672,103.5554227644772,101.7638633245985,103.07415787180915,37046000
2021-02-05,104.5244369506836,104.74913161911523,102.59785710728634,103.1294477314843,30702000
2021-02-08,104.2708511352539,105.79721955888247,103.22909250379425,104.91852554288744,24838000
2021-02-09,103.80252838134766,104.87965944715046,103.55492104454478,103.55492104454478,17798000
2021-02-10,104.3938980102539,105.04107823313376,102.7851839795167,104.33561286754824,22710000
2021-02-11,104.4193115234375,104.72521159543216,103.49413086134795,104.59966325454417,18914000
2021-02-12,104.8288345336914,105.06349551760604,103.7835942420509,104.13831486439251,17114000
2021-02-16,105.71515655517578,107.24864803849417,104.84129751290209,104.84129751290209,22676000
2021-02-17,106.03450775146484,106.30105187167726,104.57027117071891,104.62407869119302,21418000
2021-02-18,105.48099517822266,106.25496287985891,104.8089105444317,105.14171437551147,22432000
2021-02-19,104.68087005615234,106.14510658412497,104.4950372233488,105.58412633331409,29148000
2021-02-22,102.8743667602539,104.1966116690531,102.7378562168961,102.97998245212169,27350000
2021-02-23,103.17228698730469,103.72779372144835,99.74260895151974,100.88799902199662,33348000
2021-02-24,104.38343811035156,104.66293616281548,101.5416515826383,101.72598680474962,24966000
2021-02-25,101.20436096191406,104.3689925502295,100.7026617374143,103.0023971597996,36568000
2021-02-26,101.47837829589844,103.17976166380777,100.44210084992288,102.15893164306217,41670000
2021-03-01,103.70288848876953,103.95248757180624,101.93872706560533,102.45785788467187,28090000
2021-03-02,103.42040252685547,104.84179377421107,103.19222610505683,103.43784169765694,22692000
2021-03-03,100.97270202636719,104.05203849302907,100.14019066201675,102.99044605505739,29684000
2021-03-04,102.08768463134766,104.0879969569287,100.65184189953328,100.80629334510455,42360000
2021-03-05,105.04954528808594,105.52633249591142,101.95441192675924,103.28488222859232,43904000
2021-03-08,100.84614562988281,106.05940808186773,100.71859794988112,104.68036816081947,32948000
2021-03-09,102.26753997802734,103.53000205900969,102.02491201974138,103.12944090629489,33946000
2021-03-10,102.38362884521484,103.37855100426238,101.30450605324575,103.2171284474317,25372000
2021-03-11,105.35993957519531,105.90448416205535,103.24802855843123,103.33172745836742,24782000
2021-03-12,102.72689056396484,104.13881715831704,102.01096474180935,103.87675827919472,34516000
2021-03-15,102.95457458496094,102.98296835178934,101.8096862122997,102.74582148265634,25962000
2021-03-16,104.25141143798828,105.7978568245775,103.12944335521269,103.57733506337729,29832000
2021-03-17,104.1796646118164,105.11131458475936,102.33229862329792,103.42985636608147,25980000
2021-03-18,101.44649505615234,103.40346807808952,101.3134738619534,102.68106523084167,27228000
2021-03-19,101.79425048828125,102.28747342429558,100.5228178495247,101.73695361299241,46298000
2021-03-22,101.56455993652344,102.5310882746904,100.94080174339037,101.7264842215868,39096000
2021-03-23,102.28050231933594,103.24413434997071,101.59595784152712,102.21772434452562,27340000
2021-03-24,101.88690185546875,103.53846872314791,101.71228210075722,102.89876897915723,23080000
2021-03-25,101.85203552246094,102.57493245031957,100.17655244180024,101.87445405441163,28378000
2021-03-26,101.4131088256836,102.18234804553319,100.34046301114472,101.57802073614924,29870000
2021-03-29,102.42945861816406,102.55301521301726,100.42017584477676,101.03098011024589,24596000
2021-03-30,102.40902709960938,103.1682999387161,101.83558708039075,102.5131527749625,20732000
2021-03-31,103.06119537353516,104.29162236380512,102.46906939412082,102.587395762969,29198000
2021-04-01,106.50481414794922,106.7633912791889,104.46912930631458,104.52194095242272,33980000
2021-04-05,110.87909698486328,111.46499685570095,107.19583624191266,107.26160183185722,43298000
2021-04-06,110.83924865722656,111.48243780963159,110.34352464574785,110.72714839080221,27060000
2021-04-07,112.08129119873047,112.34633772245307,110.86815125163015,110.90800895775025,25798000
2021-04-08,112.86647033691406,113.7913926060595,112.47985895568776,113.49022860419814,27166000
2021-04-09,113.88480377197266,114.04224284466201,112.28226254357409,112.43102764320992,20888000
2021-04-12,112.33587646484375,113.3586983286549,111.522545121684,112.90682308686368,31318000
2021-04-13,112.95763397216797,113.45284863292748,112.40062960948568,112.66867132947769,23310000
2021-04-14,112.33834838867188,113.49170542617887,112.05686620467169,113.350717266607,20220000
2021-04-15,114.421875,114.9169452407256,112.89436630599458,113.44139676193383,27472000
2021-04-16,114.47667694091797,114.90912124302999,113.81356273533429,114.7377399589162,22596000
2021-04-19,114.70784759521484,115.50747233858286,113.98270042574782,114.18870918099363,24688000
2021-04-20,114.27091217041016,115.06655338298815,113.17883548097578,114.98135688124097,21774000
2021-04-21,114.25397491455078,114.35511298329469,112.52419009043338,113.85341373143402,23930000
2021-04-22,112.99002075195312,114.77570363707126,112.4185724285633,114.25098529697101,21096000
2021-04-23,115.35053253173828,115.87465029685377,113.50267227529946,113.76473115785721,28670000
2021-04-26,115.92047882080078,116.6438850709739,115.2777914470801,115.58119802817762,20834000
2021-04-27,114.94300079345703,116.45406613138725,114.80100915295866,116.38183117218308,31972000
2021-04-28,118.56946563720703,122.1798908129825,118.31737308120064,119.92633798858101,59728000
2021-04-29,121.05951690673828,121.38982725188058,119.6839586696434,120.08502156673597,39554000
2021-04-30,120.07455444335938,120.92251318021962,119.67798437202319,119.79406812368717,39142000
2021-05-03,119.3297348022461,120.55184509570046,118.79814419207949,119.70588569376216,33788000
2021-05-04,117.29106903076172,118.53708793509915,115.17118344101208,118.06279417077462,35120000
2021-05-05,117.41511535644531,118.68356034877328,117.14957471587705,117.99702414181426,21806000
2021-05-06,118.64120483398438,118.70896216702245,116.69758881462951,117.11120274663168,20618000
2021-05-07,119.5051040649414,120.38793352928245,119.07215804906535,119.57036791537944,23272000
2021-05-10,116.663818359375,118.47431445428671,116.31856230815475,118.31936886603651,26006000
2021-05-11,115.02471160888672,115.68433646417034,113.7413209083619,114.18273566734315,32110000
2021-05-12,111.55317687988281,113.85938925141815,111.10329343238016,112.68062604820642,34934000
2021-05-13,112.6935806274414,113.42250599974103,111.73452511100814,112.64973183412208,26670000
2021-05-14,115.39337921142578,115.64148828112974,113.75725965442957,114.18123523203963,26624000
2021-05-17,115.65494537353516,115.75109647663648,114.33916982990146,115.05260979858049,19842000
2021-05-18,114.7591552734375,116.73804490396707,114.74569959328032,116.42696022164374,17302000
2021-05-19,115.022216796875,115.42327210998224,112.77080769906807,112.81464889231036,19350000
2021-05-20,117.38272857666016,117.59446929640619,115.63899399394134,115.98525351007937,23832000
2021-05-21,116.83519744873047,118.02591877034894,116.69918864354455,117.87596014919319,22832000
2021-05-24,119.9026870727539,120.49107284969264,117.58301883285135,117.92628314681156,21244000
2021-05-25,120.02224731445312,121.20898514291483,119.71933485368658,120.5667918729325,18838000
2021-05-26,121.24085998535156,121.70987785171921,120.19387125629913,120.20981281597518,21856000
2021-05-27,119.69542694091797,121.56321227760527,119.67001318893158,121.41076017400516,38962000
2021-05-28,120.14630126953125,120.97232799647722,119.95348973356032,120.66443618484772,24108000
2021-06-01,121.05553436279297,121.46212397470524,119.81349903664241,120.66642953338386,19166000
2021-06-02,120.63056182861328,121.662848174075,119.77961548230205,121.3295502121921,17158000
2021-06-03,119.80004119873047,120.05587397046162,118.71494321820605,119.32225812231735,18346000
2021-06-04,122.14910125732422,122.25367546100418,120.45568486526727,120.69233759575266,25948000
2021-06-07,122.86302947998047,122.95819230487643,121.61666102619245,122.12717864129777,23850000
2021-06-08,123.69804382324219,124.27820412901744,122.97015990692883,123.55107281858322,25060000
2021-06-09,124.1240005493164,124.80156624298222,123.92123029780288,124.52754930766167,20126000
2021-06-10,125.62860107421875,125.71130409405545,124.2535369848667,124.25403872209523,31234000
2021-06-11,125.24647521972656,125.89713718153315,124.46726970011898,125.79400737461799,25240000
2021-06-14,125.8996353149414,125.95892393667313,124.59930713715043,125.21958364862083,22550000
2021-06-15,125.58177185058594,126.407806223845,125.19864984220064,126.06902714608874,22182000
2021-06-16,125.24647521972656,126.07051020058866,123.70545773780329,125.79549738214824,26316000
2021-06-17,125.91856384277344,126.74110884224748,125.06562572954805,125.07360031092003,25756000
2021-06-18,125.11793518066406,125.93649668749697,124.1568878987042,125.25544159375141,53306000
2021-06-21,126.00225830078125,126.58192444261377,124.68623196044217,125.28981424346898,26256000
2021-06-22,126.54480743408203,126.8143391608693,125.57529143598983,125.99727526400375,20984000
2021-06-23,126.00874328613281,127.33846105569586,125.7999901777533,126.09692741057572,19694000
2021-06-24,126.82630157470703,127.07889587713626,126.5054558006671,126.59861928747812,18934000
2021-06-25,126.54032897949219,127.04849757886245,125.99129920336317,126.50246302201585,33484000
2021-06-28,126.3654556274414,126.88109705976109,125.52278034858176,126.54530561794428,28110000
2021-06-29,125.56732177734375,126.54530647107126,124.9878988963499,126.3186200688834,20950000
2021-06-30,124.86734771728516,125.34961606440231,124.31084505989199,125.20368653853872,24006000
2021-07-01,125.91606903076172,126.00973425101567,124.40275349346186,124.40275349346186,17120000
2021-07-02,128.25816345214844,128.38671463018406,126.31514774581376,126.38539856995492,21160000
2021-07-06,129.30638122558594,129.4194849607961,127.94925803633234,128.98602960562658,21350000
2021-07-07,129.61180114746094,130.1721808784178,129.2954329828857,129.87436178923573,16680000
2021-07-08,128.7145233154297,129.56695973025666,127.58158535925605,127.79084020849201,19780000
2021-07-09,129.11058044433594,129.38460498983815,128.48184288509762,128.48284635954712,15106000
2021-07-12,130.0965576171875,130.30182898700636,129.13601957854763,129.3686736412814,16944000
2021-07-13,130.52552795410156,131.56927836395366,130.1692944750584,130.4129259419038,16618000
2021-07-14,131.609619140625,132.51984653699003,131.42577044807575,131.4292674046823,17912000
2021-07-15,130.79652404785156,132.1202740934741,130.13042987110174,132.0256130036671,16586000
2021-07-16,131.37347412109375,131.70975972867876,130.35313815765122,131.1697079707703,14856000
2021-07-19,128.79124450683594,130.7771054263926,128.07681624357693,130.68594128443382,25710000
2021-07-20,130.63214111328125,131.52876087346988,128.72588906700216,129.53856665639785,19084000
2021-07-21,132.12574768066406,132.14244184652964,130.1339117121899,130.3187486652206,14742000
2021-07-22,132.8511505126953,133.0265152714232,131.92596229235974,132.17506721753728,13608000
2021-07-23,137.3225860595703,138.31154062169497,134.21824636196212,134.7757372825467,26378000
2021-07-26,139.14453125,139.21278271521626,137.15816882526298,137.75502325131106,23052000
2021-07-27,136.30673217773438,139.50973159279408,134.61631854684117,139.50973159279408,42164000
2021-07-28,135.89321899414062,139.17591847522522,135.86183761073215,138.06590846626054,54688000
2021-07-29,136.05166625976562,136.66048647290955,135.6506109047145,135.89234185815897,19284000
2021-07-30,134.73687744140625,135.28526107848452,134.33153454009465,135.02584770330904,23954000
2021-08-02,135.5026397705078,135.53351942023926,134.18735826436847,134.99944287857656,20140000
2021-08-03,135.79208374023438,135.84738126630893,133.703093118145,135.51308742363608,19064000
2021-08-04,135.54150390625,136.04917082995428,134.93019021947617,135.7617057647708,16528000
2021-08-05,136.44972229003906,136.45968101399026,135.1145234809615,135.54148666569031,11866000
2021-08-06,136.54537963867188,136.58927404741792,135.5594202973612,135.8070352404988,13560000
2021-08-09,137.50791931152344,137.8262791970647,135.9403097008043,136.45869550230054,12374000
2021-08-10,137.60208129882812,138.05545412505845,136.73520095205765,137.58514386536555,16034000
2021-08-11,137.196533203125,138.3506352597222,136.85825588143885,137.7879141507768,15204000
2021-08-12,137.89401245117188,137.92241381681131,136.28928968007142,137.2199361419508,14646000
2021-08-13,137.9104766845703,138.1775073231991,137.51091139486098,137.8621426641751,12580000
2021-08-16,138.41864013671875,138.49286683656214,135.6782426808049,137.5059193218277,18040000
2021-08-17,136.80892944335938,138.2218518466655,136.2977656512669,137.6962289003113,21272000
2021-08-18,136.0810546875,137.7988813903473,135.93258607465833,136.62458816834763,14934000
2021-08-19,136.42330932617188,136.95987927786123,134.8713904769232,134.98248726185403,18296000
2021-08-20,137.9413604736328,138.11823045669166,135.97841230610953,136.59220420983914,15564000
2021-08-23,140.59432983398438,141.66797149700866,138.25120174037346,138.5008540253959,21090000
2021-08-24,141.888671875,142.49550024137457,140.8474150933012,141.03673727254795,15126000
2021-08-25,142.43820190429688,142.79990884601634,141.92953156204524,142.37144044229225,12838000
2021-08-26,141.61416625976562,142.62233883187898,141.58278487580807,142.10789091153595,14922000
2021-08-27,144.03297424316406,144.49182053388046,141.511531849244,141.60369945633244,24562000
2021-08-30,144.9486846923828,145.96503712386217,144.0823060874643,144.1864241698131,16916000
2021-08-31,144.94122314453125,145.58888993555655,144.48087159988913,145.36221111994558,26756000
2021-09-01,145.31983947753906,146.2948365345473,145.09316068197813,145.12852555410066,15824000
2021-09-02,143.70265197753906,145.80111473780235,143.59056692063632,145.42695559980456,21844000
2021-09-03,144.2566680908203,144.8565177875192,142.99122591262727,143.62992223632705,19104000
2021-09-07,144.9980010986328,145.30191702497368,144.02350575705034,144.23125538021918,15170000
2021-09-08,144.3647918701172,145.02989785077543,143.683736725584,144.87296051091135,15486000
2021-09-09,144.39466857910156,145.14795861142335,143.9168931027532,144.3647772035128,14798000
2021-09-10,141.4128875732422,145.4962075366647,141.23402585563943,144.9227675042688,32896000
2021-09-13,142.95135498046875,143.67475364713312,141.77309349805378,142.68830783084476,20176000
2021-09-14,142.89259338378906,144.2093497107079,142.3938817126469,143.64488004506285,18916000
2021-09-15,144.68612670898438,145.0602858700989,141.74669134885454,143.24431626368016,20648000
2021-09-16,143.8566131591797,144.6801464297369,142.9028866753707,144.60143449875426,20292000
2021-09-17,140.95703125,143.73305227100397,140.55646246857253,143.28366293400208,60040000
2021-09-20,138.519287109375,138.86355488769888,136.56231415740743,138.50254733002004,34918000
2021-09-21,139.1465301513672,140.30745889854688,138.40818579309092,139.6153503870957,18130000
2021-09-22,140.4339141845703,141.0765939863687,138.9724143987205,139.54909294621072,22068000
2021-09-23,141.31874084472656,141.74316496006838,140.59134344095855,141.10250728684042,17272000
2021-09-24,142.12232971191406,142.39186903102166,140.34621034258248,140.44137316965234,14950000
2021-09-27,140.99440002441406,141.98981631352436,139.99697678631702,141.07858545274465,18844000
2021-09-28,135.69642639160156,139.1066734293017,135.21415049831788,138.59052267188702,42190000
2021-09-29,134.0393829345703,136.9065833184421,133.7693570632289,136.61881419305476,26338000
2021-09-30,132.7883758544922,135.1045469383369,132.52382349816023,133.8440765936824,35294000
2021-10-01,135.9739227294922,136.5802493716974,132.89997634498496,133.076344585151,28388000
2021-10-04,133.2860870361328,135.21415681661523,130.6968948203547,135.2136550793762,31530000
2021-10-05,135.68946838378906,136.870223477935,133.52026041582627,133.52026041582627,24126000
2021-10-06,136.86224365234375,137.3584617876865,134.00500208344084,134.14351197138924,19764000
2021-10-07,138.6871795654297,139.65265883390768,138.06691071554025,138.36583967567546,18250000
2021-10-08,139.5545654296875,139.81463256784468,138.93016103156768,139.40510854760126,18924000
2021-10-11,138.3503875732422,140.25968011979523,138.3095340007521,139.29947672677733,16584000
2021-10-12,136.22354125976562,139.19487503629335,135.76220143414517,139.13757055740982,22536000
2021-10-13,137.4062957763672,138.05397782277754,136.48610955573182,137.25683887558986,16380000
2021-10-14,140.9057159423828,141.14436042490848,138.84013969250992,139.45093637934116,21426000
2021-10-15,141.1677703857422,141.69088467010008,140.55945199600902,141.69088467010008,21250000
2021-10-18,142.44866943359375,142.48678626200416,140.7079299834396,140.7079299834396,16564000
2021-10-19,143.30709838867188,143.59106648386168,142.5836844587511,142.77849536005573,15316000
2021-10-20,141.9051055908203,143.7313074279956,141.4039157233579,143.70614454634742,17940000
2021-10-21,142.26931762695312,142.33807083548314,141.12990272194494,141.68292360957471,14850000
2021-10-22,138.12869262695312,141.05169225419638,136.679401753257,139.84851110724244,30182000
2021-10-25,138.27615356445312,138.7074043259964,136.25891138107707,138.31352538689964,21082000
2021-10-26,139.17193603515625,140.3352518330437,138.50781838127097,140.10259779596146,28258000
2021-10-27,145.90325927734375,148.5841173864053,139.40161124774355,139.40161124774355,51850000
2021-10-28,145.60581970214844,146.89668319330062,144.2452147345421,146.77162898710137,32418000
2021-10-29,147.73965454101562,148.08094231035338,144.646778793611,144.99901355782214,28954000
2021-11-01,143.25926208496094,147.8682053873168,143.06545466364605,147.6345326597583,32272000
2021-11-02,145.3407745361328,146.3944835127367,144.12314953048633,144.29094261985782,21150000
2021-11-03,146.2644500732422,146.3845325206733,144.53417117162087,145.75129450433258,17886000
2021-11-04,148.1506805419922,149.4131426980874,146.11000870073693,146.6729883080772,24700000
2021-11-05,148.70669555664062,150.031692545358,148.11979975114554,148.81879583315975,20408000
2021-11-08,148.81678771972656,150.49376084318743,148.58611021962093,149.46296447654757,18388000
2021-11-09,148.7141571044922,149.8401010788074,146.9788912651489,149.20987349553363,16876000
2021-11-10,146.10105895996094,148.1676235622795,144.8047066840986,147.4798481901848,22708000
2021-11-11,146.2226104736328,147.97057183896644,146.16930469151583,146.58031872687468,12464000
2021-11-12,149.10972595214844,149.32296428147217,145.92965447373888,147.30222512743083,17048000
2021-11-15,148.85316467285156,149.93827035810963,148.12029375913818,149.46297311663432,16248000
2021-11-16,148.5422821044922,149.29607392638664,147.81888339752706,148.63644146455093,17254000
2021-11-17,148.5283203125,149.09031164519303,148.03111390171821,148.6947298338139,15290000
2021-11-18,150.16943359375,151.06720882048882,148.46506248647802,148.61202589491958,26658000
2021-11-19,149.41563415527344,151.30634734858702,149.35086443790368,150.45938446694393,19766000
2021-11-22,146.55194091796875,150.2048163922297,146.47918901210065,149.6042216616965,24608000
2021-11-23,146.2315673828125,147.16520909965848,144.37074571617737,146.5862955879965,18126000
2021-11-24,146.1922149658203,146.47370476443842,144.67915788473138,145.82603800190552,16464000
2021-11-26,142.29470825195312,144.77678699319986,141.9753601240441,144.49630069232072,16992000
2021-11-29,145.59088134765625,146.33620445414658,143.7818752373499,143.7818752373499,26276000
2021-11-30,141.94198608398438,146.10353170568197,141.55736646843334,144.92951214391564,41590000
2021-12-01,141.11097717285156,145.97465103298663,140.99340340566079,143.69618606419377,28476000
2021-12-02,143.26174926757812,144.1570309569864,140.47724441261033,141.31624030597575,21250000
2021-12-03,142.01023864746094,144.6931037857747,140.64464666913247,143.97817380587156,26688000
2021-12-06,143.2816619873047,143.83468283871113,140.1434476845375,143.0599701545068,22198000
2021-12-07,147.50648498535156,147.76904559204937,145.1808417540643,145.4274531988867,23258000
2021-12-08,148.18804931640625,148.62247774866208,146.6729852903177,147.80043448940418,18964000
2021-12-09,147.57574462890625,149.06937076260374,147.00081457516293,147.64548610445817,18580000
2021-12-10,148.14271545410156,148.86511068001434,146.82992751424905,148.56619690606942,21634000
2021-12-13,146.17926025390625,148.03060986168077,145.8359959593189,147.91253436397224,24104000
2021-12-14,144.45147705078125,144.9212855667357,141.73323187576892,144.25169440030743,24778000
2021-12-15,146.8408966064453,146.98910675930392,142.19459649845646,143.84914361113394,27280000
2021-12-16,144.31993103027344,148.01963470258193,143.5765997686828,147.546831015904,27400000
2021-12-17,142.29173278808594,143.94290454136697,141.2803672829616,142.2035486612993,43404000
2021-12-20,141.89166259765625,142.09991394739654,139.74786114005738,140.17591899948562,20264000
2021-12-21,143.70416259765625,144.1740167273127,141.22755711664348,142.63748440543196,19548000
2021-12-22,146.4228973388672,146.7756186338601,143.4475801726766,143.58409832034422,18438000
2021-12-23,146.61569213867188,148.0406714855575,146.42472790794,146.56287289205065,13818000
2021-12-27,147.5338897705078,147.89509497200865,146.72280871316622,146.93554530361953,13256000
2021-12-28,145.92367553710938,147.84327657709034,145.41301346329178,147.84327657709034,18624000
2021-12-29,145.97998046875,146.65679360562905,144.98356070600698,145.90525202737606,17022000
2021-12-30,145.4797821044922,146.53598464401648,145.23665239283312,145.92567448482023,12978000
2021-12-31,144.16151428222656,145.84098085021162,144.1595225374442,145.02292109436627,17298000
2022-01-03,144.5550994873047,145.02890671706913,142.98873654327514,143.95824499281977,25214000
2022-01-04,143.8994598388672,146.08510332379365,143.30125219857842,145.02940253580405,22928000
2022-01-05,137.16067504882812,143.78138707716036,137.03113561072124,143.66480158286416,49642000
2022-01-06,137.0585479736328,139.18591418175194,136.2738764282153,137.00524218514178,29050000
2022-01-07,136.5139923095703,137.75976027577275,135.30284421325464,137.41126574890635,19408000
2022-01-10,138.07789611816406,138.14365411469805,132.66384641046795,134.61533088934186,34096000
2022-01-11,139.51620483398438,139.8270842700988,136.323681170024,137.68577614939423,23502000
2022-01-12,141.14085388183594,142.30293809752862,140.60677741851381,141.04769800485315,23642000
2022-01-13,138.63287353515625,142.67286180728954,138.41665519219606,141.3326760215805,26566000
2022-01-14,139.28602600097656,140.69496496270435,137.00771325507736,137.00771325507736,23826000
2022-01-18,135.8025360107422,136.8995920330835,135.13145488380573,136.11093715213462,27382000
2022-01-19,135.1663360595703,137.90401232324126,135.01488742126205,136.44824440629108,20796000
2022-01-20,133.0285186767578,137.4182483640507,132.6678152000163,136.02525848731904,21930000
2022-01-21,129.62623596191406,134.27802445524964,129.53557356128078,132.53577986551807,41920000
2022-01-24,129.9052276611328,130.31028164895292,124.19570122735945,125.57628443579866,55148000
2022-01-25,126.2817611694336,128.87544641156583,125.92554290676412,127.97567943190316,36008000
2022-01-26,128.7772979736328,132.33201520362402,126.698266032751,130.12494903764392,39630000
2022-01-27,128.65872192382812,132.13518337823365,128.483357149345,130.89069252328375,30248000
2022-01-28,132.81228637695312,132.89299004637857,128.23373671541663,129.5345588414588,30518000
2022-01-31,135.21266174316406,135.35714685843277,131.8004229291556,133.71753043934658,34056000
2022-02-01,137.3848419189453,137.70519351450466,134.0864520214302,137.34151007047146,51204000
2022-02-02,147.50648498535156,151.55544351956087,145.03635663938198,151.31977906859,89750000
2022-02-03,142.13978576660156,148.58384098347807,141.69588510688274,144.7748187620759,56930000
2022-02-04,142.50396728515625,144.01776928929087,139.316917270586,142.50495555543466,49224000
2022-02-07,138.44058227539062,143.3315020922446,138.20243951655232,143.19449740604833,44610000
2022-02-08,138.71458435058594,139.33644966801236,136.3829657131782,138.4936375083855,34256000
2022-02-09,140.9465789794922,141.66649596510112,139.8744272144619,140.3454825058692,28628000
2022-02-10,138.10626220703125,140.92464192662194,137.55575002383483,139.00055562570753,33018000
2022-02-11,133.64979553222656,138.7845900176904,132.81130131928032,138.25325024253885,38808000
2022-02-14,134.8155975341797,135.67899611383496,132.82474974474476,132.88801425052858,26792000
2022-02-15,135.9370574951172,137.40626564043023,135.05422809121785,136.9793024901624,26578000
2022-02-16,136.99525451660156,137.45210905002415,134.34094305707512,135.94203209782992,25610000
2022-02-17,131.83480834960938,136.34957699668786,131.72868331835218,135.66254665465073,30968000
2022-02-18,130.00039672851562,133.3448860526747,129.84052499373334,132.56120286697626,31858000
2022-02-22,128.939208984375,131.42852519983623,127.28365846662496,129.5196277726263,38906000
2022-02-23,127.12821197509766,131.27729764170886,127.04700656362324,130.60921170544276,26432000
2022-02-24,132.198486328125,132.5606949977913,124.31781364241006,124.55246702373462,43166000
2022-02-25,134.0378875732422,134.90428135916164,131.29324802809984,133.0474430555504,26236000
2022-02-28,134.40805053710938,135.15486354343403,132.34969650691255,132.80729603156396,29676000
2022-03-01,133.68765258789062,135.62368947087188,132.90097415946244,133.99853204182602,24640000
2022-03-02,134.26905822753906,135.12996335459587,132.95478026640944,134.12632157754155,23966000
2022-03-03,133.82716369628906,136.2243581797874,132.95330453147292,135.4916848558496,19780000
2022-03-04,131.6489715576172,133.71854656188182,129.94160524814606,132.9049719802422,24446000
2022-03-07,126.01172637939453,131.43175813753683,125.95742472609444,131.43175813753683,39178000
2022-03-08,126.82281494140625,130.7766108324504,125.41013572795455,125.79849555692755,35250000
2022-03-09,133.38671875,133.71803256204845,129.6222451923781,130.92954432969916,32258000
2022-03-10,132.20697021484375,133.06039483944383,130.93055069471362,130.99182345374408,24266000
2022-03-11,130.0083465576172,133.71951410145698,129.8299865886846,133.51973147493118,26600000
2022-03-14,126.28723907470703,130.55690156260897,125.96041806350173,130.1055204744434,30254000
2022-03-15,129.19630432128906,130.0499723179727,126.11486952117737,127.28416828668487,30292000
2022-03-16,133.21185302734375,133.2920549603963,128.7384248661199,130.53097988127888,32058000
2022-03-17,134.11859130859375,134.25710119546162,132.24382730089576,132.84367697889772,23994000
2022-03-18,136.31170654296875,136.42330506163603,132.45606894796202,133.40465635663375,45900000
2022-03-21,135.9898681640625,137.0899194194668,134.12954818111456,136.35755032225362,26632000
2022-03-22,139.7752685546875,140.993395354362,136.01129657858948,136.01129657858948,29776000
2022-03-23,138.00762939453125,139.52368181401474,137.67184551796257,138.6403657226853,25302000
2022-03-24,140.80606079101562,140.89026142032628,137.5451793229498,138.77387297706383,20544000
2022-03-25,141.01483154296875,141.45126696496231,139.19934837160545,141.24649733376881,19270000
2022-03-28,141.44178771972656,141.4681973448859,139.32754290350204,140.18081554228567,23774000
2022-03-29,142.73712158203125,143.64636063712274,141.97385764763695,142.64794919552057,28678000
2022-03-30,142.1337890625,142.96679446293496,141.65899362107518,142.35847610724753,21046000
2022-03-31,139.1495361328125,142.13380864735274,139.119143017077,141.93851121282418,29516000
2022-04-01,140.19627380371094,140.4453787732286,138.30008689737573,139.50874165517646,23480000
2022-04-04,143.1282196044922,143.52802814664352,140.32030047713258,140.32030047713258,19076000
2022-04-05,140.55796813964844,143.07591376859378,140.4388891634702,142.88610504303082,19256000
2022-04-06,136.68487548828125,139.34780797516663,135.92970009822668,138.6632711093866,23574000
2022-04-07,135.97640991210938,137.20849405417636,134.37442381174793,136.12886200367987,19448000
2022-04-08,133.5307159423828,135.76220006872748,133.27364400839014,135.76220006872748,16434000
2022-04-11,129.33180236816406,132.46325121942095,129.15344236392005,132.42419173166178,24188000
2022-04-12,127.91487884521484,131.949378246922,127.1192376440276,131.949378246922,23004000
2022-04-13,129.8195343017578,130.18796146391648,127.97875166104674,128.16597566545502,19542000
2022-04-14,126.79740905761719,130.24228395600474,126.65642088404626,130.1817561959502,23484000
2022-04-18,127.50286865234375,128.2511869538915,126.1252730127569,126.95384646800288,14918000
2022-04-19,130.0636749267578,130.4350821252212,126.99519434369422,127.61845083554822,22720000
2022-04-20,127.7863540649414,131.45117988438113,127.43616426035942,130.8139735581017,22610000
2022-04-21,124.49019622802734,129.840965579761,124.20372706177547,128.8869045876794,30158000
2022-04-22,119.18575286865234,125.00285653765165,118.71395260766738,124.5524713347569,46410000
2022-04-25,122.80874633789062,122.83664597201766,118.34403706746814,119.00192108309618,34522000
2022-04-26,119.07814025878906,122.31052934488176,118.73522564748922,122.31052934488176,49394000
2022-04-27,114.60870361328125,117.07932632115738,112.7192446989998,113.96352270601636,62238000
2022-04-28,118.98397827148438,120.00730179995185,114.7316562557936,116.69569911648658,36790000
2022-04-29,114.55489349365234,118.5340956253253,114.28337001697713,117.15704732652016,33694000
2022-05-02,116.737548828125,116.91939817312492,112.99350184177412,113.49869043642423,30280000
2022-05-03,117.70657348632812,118.87288455899288,116.20945031199425,116.34695673020803,21216000
2022-05-04,122.13615417480469,122.70212141288972,115.32413573355524,117.58102597665066,33232000
2022-05-05,116.3285140991211,120.7992056736397,114.7701182637869,119.79007526736054,43090000
2022-05-06,115.24591827392578,117.07782945606495,113.73434353080717,115.10541663488316,35310000
2022-05-09,112.67912292480469,115.14914477899435,112.14852822794637,112.8978347339143,34520000
2022-05-10,114.17426300048828,116.27321994499016,112.97736120235442,115.62504384419059,31158000
2022-05-11,113.55298614501953,116.25328267144218,113.24310259240465,113.30338708010763,36502000
2022-05-12,112.755859375,114.4452846964653,109.71926955329684,111.53723843626837,41464000
2022-05-13,116.09835052490234,117.66222752104503,113.59185367655148,114.43432373293733,29738000
2022-05-16,114.38152313232422,116.19001989826418,113.9256568170744,114.97090477450485,23282000
2022-05-17,116.28368377685547,116.80780155817705,114.92456876785926,116.80780155817705,21576000
2022-05-18,111.99858093261719,115.28143259540433,111.74050553304814,114.8249277131102,27982000
2022-05-19,110.34900665283203,113.18083455791881,110.07250380976112,111.44058927783347,29192000
2022-05-20,108.92163848876953,112.14704881677878,105.99216191499981,111.68421140516337,37586000
2022-05-23,111.2667007446289,111.60449153557721,108.76345006727804,109.70979490706735,31558000
2022-05-24,105.54676055908203,106.01407558178401,101.84206963063869,105.99664401380095,60386000
2022-05-25,105.4605712890625,106.16324670958697,103.83815066744346,104.76556636684283,37900000
2022-05-26,107.90827178955078,108.56516747534104,105.11032644578142,105.6708125599111,30288000
2022-05-27,112.39515686035156,112.46390246544588,109.15778849075801,109.39542949653581,29924000
2022-05-31,113.63072204589844,116.01665005008576,112.16947303942125,112.67415992477483,51302000
2022-06-01,113.72836303710938,116.97868532399976,113.14396078084317,114.52002078564327,28630000
2022-06-02,117.32444763183594,117.47590386672852,112.90233304444737,113.77918733132432,27472000
2022-06-03,114.15384674072266,115.94789964779113,113.26105084479677,115.57722982132975,25052000
2022-06-06,116.59156799316406,118.97101877702121,116.1110937826461,116.32452975775017,23786000
2022-06-07,116.8097915649414,117.32708267101492,114.71332807292981,115.23395649193232,26414000
2022-06-08,116.81825256347656,118.2212162544869,116.27893826853564,116.45805085333052,22544000
2022-06-09,114.5065689086914,117.92628084366468,114.4557490058255,115.92497254319008,23142000
2022-06-10,111.028564453125,113.0906589871753,110.46409482929529,112.37746987766197,31324000
2022-06-13,106.49385833740234,108.82746864703272,106.20643891991365,107.06131555329432,36756000
2022-06-14,106.81021881103516,108.06919157563813,105.97123052404666,106.50730635592481,25480000
2022-06-15,109.99528503417969,111.66179779092143,107.73166690982089,108.5096181567459,33192000
2022-06-16,106.25421905517578,108.8992105630685,105.41374075172075,107.76229677299612,35314000
2022-06-17,107.47931671142578,108.85835672914541,105.25037181373703,106.1535824747806,43516000
2022-06-21,111.61395263671875,112.26959394416423,108.90219981555238,109.30923793398885,39010000
2022-06-22,111.63288879394531,113.36217943547064,110.3278778126662,110.76501258938546,23922000
2022-06-23,112.28106689453125,112.79123485828705,110.63149162958359,112.54561166454329,24710000
2022-06-24,118.11360931396484,118.21274803381166,113.1962725541736,113.1962725541736,39122000
2022-06-27,116.20496368408203,118.82305909599042,115.58543980577458,118.50918443175061,32840000
2022-06-28,112.1684799194336,117.43455487826039,112.04143395578056,115.93444400214202,28232000
2022-06-29,111.8545913696289,113.25754748739476,111.15460711931249,111.74697633620637,18628000
2022-06-30,108.98091888427734,110.93121718755351,106.92580310822584,110.10388287060096,38046000
2022-07-01,108.69046020507812,109.41321267365052,106.72153691607586,107.94912065304713,31028000
2022-07-05,113.47925567626953,113.64425880738834,105.86909537001831,107.12957333184349,36398000
2022-07-06,114.80101013183594,115.93543045167957,111.84862090793649,113.68352724521469,28852000
2022-07-07,118.87885284423828,119.43286197448735,115.12035443554873,115.59266401968128,32184000
2022-07-08,119.73827362060547,120.0038142628316,117.09327444538708,117.1291486592624,29082000
2022-07-11,116.10531616210938,118.36918493330177,115.81834527518095,118.22520155365132,26718000
2022-07-12,114.43830871582031,117.42756786352722,114.20464360956048,116.42018594951753,24970000
2022-07-13,111.78534698486328,114.74471507098775,111.42265175107768,112.2357322107201,38958000
2022-07-14,111.04102325439453,111.58656369475668,108.93409167323391,110.42921548566031,32366000
2022-07-15,112.36327362060547,113.59236271501223,111.42215891965498,112.55857105646754,34330000
2022-07-18,109.5165023803711,114.38899452806326,108.90868570245549,113.03386301029207,33354000
2022-07-19,114.20963287353516,114.39894745395539,110.10438082459362,111.32998044475059,30992300
2022-07-20,114.28933715820312,115.9135061431887,112.85449795197076,113.65162915497118,26780100
2022-07-21,114.62813568115234,114.7975252240968,111.50934441732159,114.67795211032903,27267800
2022-07-22,107.9720458984375,112.77478884185437,107.21476475157722,111.40969103268355,44455300
2022-07-25,107.82257843017578,110.18409593488983,106.62687779102495,108.49017782700034,28289900
2022-07-26,105.06250762939453,107.35426864053352,104.38494185173607,107.04538093083389,36626600
2022-07-27,113.19328308105469,113.99042192893909,108.03182842630586,109.20760404579164,41474600
2022-07-28,114.17974090576172,114.28934769161397,111.4505486626162,112.39615615870369,23303800
2022-07-29,116.22239685058594,116.48146810930595,112.82460951993647,112.99399904975834,31336200
2022-08-01,115.06655883789062,116.70068665896291,114.27938630423952,115.11637526533917,22856200
2022-08-02,115.48505401611328,116.6608296605323,113.85092618516884,114.02031572326048,17911000
2022-08-03,118.354736328125,118.992444358016,115.73415513035661,115.92346971286592,25302800
2022-08-04,118.44441986083984,119.07216157423153,117.28856928777384,117.87646090051038,15757700
2022-08-05,117.79674530029297,118.43445333883389,116.29214933338572,116.51136289702407,15615700
2022-08-08,117.71703338623047,120.42729643145064,117.408145683986,118.69352812537703,17061100
2022-08-09,117.0793228149414,117.77681361215606,116.14268579975644,117.56756637299166,15424300
2022-08-10,120.21804809570312,121.34399971146233,118.93266566598884,119.16183795844974,20497000
2022-08-11,119.3910140991211,121.90198852332713,119.1219841116302,121.64292486191498,16671600
2022-08-12,122.21089172363281,122.21089172363281,119.96894714183715,120.72622832915938,16121100
2022-08-15,122.44005584716797,122.81870021658315,121.13474841048986,121.77245644078141,15525000
2022-08-16,122.0713882446289,122.78681234898862,121.0998804885519,121.88206605551868,15626200
2022-08-17,119.88922882080078,121.7126788608795,119.76965570926,120.49704550082703,17589200
2022-08-18,120.42729949951172,121.25432977080732,119.1219919739805,119.79955775254753,15652000
2022-08-19,117.69710540771484,119.57037182963043,117.24871195210602,119.44083999689695,20187000
2022-08-22,114.65802001953125,116.08290056227584,114.25945060018911,115.68433114293369,19316000
2022-08-23,114.35909271240234,115.51494328504332,113.8907818101214,113.91070686044165,14390700
2022-08-24,114.28933715820312,115.30270189771653,113.37263285381707,114.04023223187568,16051200
2022-08-25,117.27860260009766,117.35831800532122,114.63809632026195,114.7377367757517,14874700
2022-08-26,110.90151977539062,116.18253982055062,110.82180437192696,115.39536731602526,31698700
2022-08-29,109.94495391845703,111.55915668474417,109.41685265599014,110.38338105050332,20386100
2022-08-30,109.5165023803711,110.97127435637377,108.41047580921841,110.63248767589114,20548200
2022-08-31,108.75921630859375,111.36983116607585,108.65957585485644,111.23033301042777,25898000
2022-09-01,110.15420532226562,110.82180472371466,107.80265412717766,108.80903259130379,22784400
2022-09-02,108.29090118408203,111.27518113959766,107.74286726835143,110.94137382596567,20618100
2022-09-06,107.09519958496094,108.49018117296671,106.12867119750015,107.74785331408067,20565100
2022-09-07,110.0844497680664,110.59261833218555,107.22970190678605,107.37418701778219,22987200
2022-09-08,109.02825164794922,110.18410225388442,107.67312012475332,108.78911302682044,21660700
2022-09-09,111.37979888916016,111.59901245137951,109.60617294331915,109.65599697185243,21732900
2022-09-12,111.469482421875,112.2367222999648,110.5328454052816,111.58904792896041,19732900
2022-09-13,104.9329605102539,108.97842982882987,104.62407282315569,108.50014500815197,33015000
2022-09-14,105.490966796875,105.72013909334997,104.12586893627275,105.06250597946553,22115800
2022-09-15,103.52801513671875,105.8297423619326,102.94012352210113,104.63404168438555,26494900
2022-09-16,103.25897979736328,103.6575492326074,101.49034075697695,102.6013466909782,64540100
2022-09-19,103.47819519042969,103.64758473271766,102.00349813674168,102.17288767902967,19738600
2022-09-20,101.46542358398438,102.80062238178697,100.75796648337682,102.51165974597612,24001700
2022-09-21,99.65194702148438,103.11948369249984,99.6320143681807,101.87395893381444,26596800
2022-09-22,100.20993041992188,101.31595691158871,99.05408750375925,99.09393760252424,21272700
2022-09-23,98.81494140625,99.75157837190821,97.6590984888293,99.70175434527906,25657000
2022-09-26,98.45623779296875,100.08040692879655,98.02777697580973,98.2569568742305,22437900
2022-09-27,97.73881530761719,100.10033298908179,96.99150045169445,99.55230665598636,24225000
2022-09-28,100.37932586669922,101.03696656629188,97.44985690164711,97.66906286609841,24617000
2022-09-29,97.73881530761719,98.9444899650028,96.17443651330211,98.9444899650028,21921500
2022-09-30,95.8057632446289,99.13779274836097,95.68619013443349,97.3801083195103,26277800
2022-10-03,98.94448852539062,99.61208796246908,96.67264501069306,96.87193353062078,24840000
2022-10-04,102.04335021972656,102.35223790948012,100.67825242583612,100.67825242583612,22580900
2022-10-05,101.8540267944336,102.3721617130739,99.38290250025544,100.32950581222886,18475500
2022-10-06,101.87395477294922,103.35862569816089,101.13660627450554,101.13660627450554,17156200
2022-10-07,99.21351623535156,101.05689129018879,98.85480450983864,100.28965141189032,24249900
2022-10-10,98.3565902709961,99.63200630432966,97.51960134990065,99.49250815081375,16529900
2022-10-11,97.69896697998047,99.76155571571407,96.90182807834972,97.89824790434817,21617700
2022-10-12,97.94806671142578,99.29124013950343,97.32031738920296,97.91816773249361,17343400
2022-10-13,99.35301208496094,100.17007597361382,94.92890597455394,95.58654665672985,32812200
2022-10-14,96.83207702636719,100.92736303614488,96.6826125350895,100.26474295307499,22624800
2022-10-17,100.41918182373047,101.4056352538867,99.15373207814254,99.16369080220836,23311600
2022-10-18,101.02699279785156,103.846862373993,100.28964434826568,103.56786607426207,21610500
2022-10-19,99.93093872070312,101.29503305522745,99.27828499372607,100.3394668695409,21573700
2022-10-20,100.17007446289062,102.63123241778574,99.61208184551754,100.45903709748147,25125100
2022-10-21,101.11668395996094,101.2561821228441,97.8783196320254,98.10749192729926,28988700
2022-10-24,102.60134887695312,102.73088071528335,99.94090981329208,101.7244945803183,24680800
2022-10-25,104.55432891845703,104.72371845833838,102.65116346965458,102.93016739673408,29910200
2022-10-26,94.48052215576172,98.18720491133324,94.23141721360857,96.41357893953557,71504300
2022-10-27,92.26847076416016,94.82926931289944,91.5709799540287,93.97234768783527,54036500
2022-10-28,96.23422241210938,96.51321872906027,91.99245971580538,92.19871933628254,35696900
2022-10-31,94.32109832763672,96.00504255614048,94.04209440850713,95.43708359583718,29868700
2022-11-01,90.17598724365234,95.82070603142994,90.10623816533712,95.24776011476685,43220600
2022-11-02,86.75827026367188,90.97312929368631,86.69848750931467,90.58452618620522,43553600
2022-11-03,83.19108581542969,86.24013553040233,83.15122811173491,86.0358676497465,48510400
2022-11-04,86.38958740234375,86.41948637993916,83.57968407263506,85.20385309508659,40173300
2022-11-07,88.3326187133789,88.62158137391907,86.64866678205448,87.02730357754852,26899900
2022-11-08,88.59168243408203,90.08132507503518,87.33619143732746,88.84078736824321,30172000
2022-11-09,87.08708953857422,89.16960321174938,87.04723183546967,88.22798683188337,26743900
2022-11-10,93.83284759521484,94.21149197184967,91.32187312832481,92.00939759785734,42371200
2022-11-11,96.3836898803711,97.01143161294254,93.82289131754513,94.37091764221171,30569100
2022-11-14,95.68619537353516,96.83207970222303,94.77247856886741,95.15809407822961,24170100
2022-11-15,98.36656188964844,100.06047247467393,96.67264370254333,98.31673785982079,31831000
2022-11-16,98.63558959960938,99.49251119864597,97.55148745848153,97.66906121915558,24660200
2022-11-17,98.14734649658203,99.12384120765589,96.75235731022487,96.83207271563487,21818700
2022-11-18,97.44985961914062,98.80499115723032,96.39364946022732,98.65552666660223,24969900
2022-11-21,95.48690795898438,98.36656047331267,95.32747714749516,97.21070989625437,18696900
2022-11-22,96.98153686523438,97.19875108141898,94.0719929965356,95.81572757293841,18868900
2022-11-23,98.46619415283203,98.71430320473314,96.99148965636664,96.99148965636664,17568900
2022-11-25,97.25056457519531,98.58577097262202,97.18081549785745,98.11246551703016,8567800
2022-11-28,95.90540313720703,97.4797482028156,95.54669141081318,96.85199888058659,19974500
2022-11-29,95.09830474853516,96.04490048389862,94.05206095506648,95.65629738394271,20220000
2022-11-30,101.0867919921875,101.0867919921875,94.33106654194692,94.77946004124199,39888100
2022-12-01,100.91739654541016,102.22270405614789,100.30957985672775,101.03696965865385,21771500
2022-12-02,100.46900939941406,100.78786342860444,98.81494889655923,99.01423741610303,18821500
2022-12-05,99.51244354248047,101.38570994275777,98.99928797747218,99.45764015194175,19955500
2022-12-06,96.96160125732422,99.85121998769762,96.41357496840739,99.31315242255947,20877600
2022-12-07,94.80934143066406,96.96160415342233,94.68478896099741,96.4235365722129,26647900
2022-12-08,93.61363220214844,95.52676389422075,93.46417532174225,95.34740803565396,25593200
2022-12-09,92.73678588867188,94.15170011009215,92.68696186030775,93.5638161062083,21885300
2022-12-12,93.22502899169922,93.53890364431625,91.57097616662267,92.75671049480377,27380900
2022-12-13,95.5068359375,99.44269869341419,95.03851741699175,97.71888910121486,34788500
2022-12-14,94.96876525878906,96.87193065671889,93.60367504766108,95.19794514938691,26452900
2022-12-15,90.87348175048828,93.69335157892858,90.10624185758189,93.20510801071543,28298800
2022-12-16,90.5346908569336,91.42150374559102,89.68773566689973,90.87346989211566,48485500
2022-12-19,88.83082580566406,90.87348181407141,88.60663287331298,90.55462778533038,23020500
2022-12-20,89.30909729003906,89.45856176933049,87.72479357495594,88.41232561844895,21976800
2022-12-21,89.9268798828125,90.58949990998798,88.5916811047416,89.40874497244687,20336400
2022-12-22,87.94401550292969,88.86071991346789,86.62874164369838,88.6116149582947,23656100
2022-12-23,89.48844909667969,89.77741171635049,87.30629516522185,87.30629516522185,17815000
2022-12-27,87.61519622802734,89.17957506190152,87.22161373887047,88.99025286094808,15470900
2022-12-28,86.15045166015625,88.20307393601679,86.06077753062657,87.18672912428298,17879600
2022-12-29,88.63153076171875,89.04504585640848,86.6785490291903,86.71840673010873,18280700
2022-12-30,88.4123306274414,88.5119710852544,86.71841243630188,87.05221215111922,19190300
2023-01-03,89.37885284423828,91.22223555229428,88.7012870774812,89.5083922833158,20738500
2023-01-04,88.39239501953125,90.91333576811124,87.48565700104314,90.6841634830109,27046500
2023-01-05,86.45933532714844,87.89418214943886,86.25008809924427,87.75468399750275,23136100
2023-01-06,87.84436798095703,88.15325566787998,85.2636368997023,87.04722914763929,26612600
2023-01-09,88.4820785522461,90.50480946753692,88.26286498667338,88.8756610161938,22996700
2023-01-10,88.92049407958984,89.15465332299733,86.38958706728704,86.40951971894,22855600
2023-01-11,91.9296875,92.11900208151354,89.41870549369214,89.73755950696052,25998800
2023-01-12,91.58094024658203,92.28839733655519,90.24573386677076,92.06918378150564,22754200
2023-01-13,92.46775817871094,92.64711404232881,90.604450462352,91.20030906220076,18630700
2023-01-17,91.83004760742188,92.63714517048481,90.51476624231283,92.44782298573499,22935800
2023-01-18,91.45140838623047,93.25293405372786,91.07277159749462,92.60725900776063,19641600
2023-01-19,93.57377624511719,94.0620197620691,91.05282805691982,91.06279438234955,28707700
2023-01-20,98.92455291748047,99.0640510762232,95.56662317935697,95.60647328007246,53704800
2023-01-23,100.84764099121094,101.03696317451022,98.39644934262148,98.77508610714074,31791800
2023-01-24,98.85479736328125,100.72806365947302,98.34662118852918,99.19358401380897,27391400
2023-01-25,96.3836898803711,97.37014334643472,94.92094331384368,96.8520007971328,31000900
2023-01-26,98.80499267578125,98.85480910536972,96.47336635155537,97.92813837172918,24542100
2023-01-27,100.34942626953125,101.21631413832365,98.6156581340254,98.69537353388472,29020400
2023-01-30,97.59931182861328,99.05308788428029,97.17085103046311,98.39147131034075,24365100
2023-01-31,99.51244354248047,99.55230124487949,97.43988863020807,97.5096377088865,22306800
2023-02-01,101.06684875488281,101.8241298425757,98.06762338034878,99.3828970578791,26392600
2023-02-02,108.41047668457031,108.43040173554562,106.15856582037357,106.40767076900347,46622600
2023-02-03,104.84329223632812,107.63326310613888,102.9301680509585,103.13941529603834,36823400
2023-02-06,103.09954833984375,104.3251403227676,101.84405737995182,102.31735522054565,25573000
2023-02-07,107.65319061279297,108.28093231802275,103.1772687207146,103.25897586994631,33738800
2023-02-08,99.64197540283203,103.20915994675248,98.10250870735733,102.32234697383362,73546000
2023-02-09,95.11823272705078,100.24979619218071,93.52396257532257,100.18004711060759,97798600
2023-02-10,94.52037811279297,96.67264082015859,94.19155777072564,95.39722475622646,49325300
2023-02-13,94.65988159179688,95.00862700356122,93.71328581671084,94.66984791844152,43116600
2023-02-14,94.61005401611328,94.83425454577915,92.31829310889367,94.32109897296262,42513100
2023-02-15,96.75235748291016,96.99149609748751,94.02216946042019,94.40080623367429,36964500
2023-02-16,95.43708801269531,97.52956808949128,94.62999040072197,95.19794938731059,35642100
2023-02-17,94.25133514404297,95.4071856373154,93.11541730180157,94.72961994176097,31095100
2023-02-21,91.72045135498047,93.08056233828081,91.6706273210391,92.9061858215663,28367200
2023-02-22,91.47134399414062,92.02933666968691,90.54467324249123,91.60485932602917,29891100
2023-02-23,90.74394226074219,91.8001447157316,89.68773980575277,91.8001447157316,32423700
2023-02-24,89.03010559082031,89.80731180086434,88.5418620284736,89.3091019121613,31295600
2023-02-27,89.77741241455078,90.12615778511433,89.2891688957618,89.76744608908356,22724300
2023-02-28,89.97671508789062,91.12259182853126,89.19950122266707,89.21943387674159,30546900
2023-03-01,90.18595123291016,90.87347567218028,89.5283105669101,89.83720585037035,26323900
2023-03-02,91.97950744628906,92.14890458644591,89.44860029319295,89.53828202646184,23328600
2023-03-03,93.68338775634766,93.77306949287009,92.32826380048752,92.4079716081876,30242500
2023-03-06,95.23780059814453,95.95522402746137,93.96238454694985,94.02216729869981,28288200
2023-03-07,93.83284759521484,95.7459717225672,93.50801833948827,95.07837230345146,24101500
2023-03-08,94.3111343383789,95.89543815034803,94.06700875387111,94.06700875387111,25395200
2023-03-09,92.32826232910156,95.57658540402996,92.02435398597854,94.15170478575997,24438900
2023-03-10,90.68416595458984,92.84639504430277,90.47491871385114,92.16882929244808,32850100
2023-03-13,91.33184051513672,92.74675477562471,89.61799728036893,90.24075964171887,31508600
2023-03-14,93.91256713867188,94.49049245325517,92.44782880091897,92.73679145821062,32303900
2023-03-15,96.20433044433594,96.90182123242651,92.70689497358592,93.20510485138759,38367300
2023-03-16,100.70814514160156,101.604924448711,95.52676541487067,96.22425620813385,54499500
2023-03-17,102.0931625366211,103.11947362120915,100.38928574540026,100.47895987026916,76140300
2023-03-20,101.5650634765625,102.2127378220751,100.42914559148224,100.69817557391525,26033900
2023-03-21,105.4610595703125,105.5806326735228,101.49531333982702,101.61488644303732,33122800
2023-03-22,103.84687042236328,107.12509240242937,103.83690409600646,104.76357479311986,32336900
2023-03-23,105.87957000732422,106.71755486222804,105.03261469829418,105.51089194481666,31385800
2023-03-24,105.6802749633789,105.77992301882703,104.36500121350414,105.36142095135106,25236200
2023-03-27,102.6910171508789,105.02264332233293,102.26255635367596,104.94292791771856,25393400
2023-03-28,100.99710845947266,102.63123627352553,99.92097328375601,102.63123627352553,24913500
2023-03-29,101.5351791381836,102.45188352966429,100.66829117545393,102.35224307008244,26148300
2023-03-30,100.9572525024414,101.24621515288571,99.93094133828934,101.0768256136155,25009800
2023-03-31,103.6276626586914,103.81698485967578,101.07683031822,101.34586032828409,28108000
2023-04-03,104.5344009399414,104.57425104061414,102.01345255489917,102.30241519829326,20719900
2023-04-04,104.74364471435547,105.72013179221825,104.22550219778893,104.46464080431544,20377200
2023-04-05,104.57424926757812,106.1585606162799,103.72928574896363,105.74006614759617,21864200
2023-04-06,108.5101089477539,109.23749108564887,104.43973530682916,105.39131036114163,34684200
2023-04-10,106.56709289550781,107.58344533271044,105.22192770704989,107.00552003328774,19741500
2023-04-11,105.74006652832031,106.83612673209147,104.90306998585983,106.53719776648144,18721300
2023-04-12,104.84329223632812,107.20181467208765,104.59418728712646,107.00552137089942,22761600
2023-04-13,107.80265808105469,107.87738652348035,106.05892347171296,106.08881484868323,21650700
2023-04-14,109.06810760498047,109.18768071466963,107.20479988990895,107.30444794902304,20758700
2023-04-17,106.03898620605469,106.32794884099599,104.94292601970857,105.0525327985511,29043400
2023-04-18,104.74364471435547,106.66673509660436,104.40485805320361,106.61691106929169,17641400
2023-04-19,104.64399719238281,105.34647492983932,103.42837150180581,103.84187900187301,16732000
2023-04-20,105.52085876464844,106.50532049712349,104.26536768301857,104.27533400964097,22515300
2023-04-21,105.53082275390625,106.25820493755539,105.10734130575133,105.71017101665839,22379000
2023-04-24,106.39769744873047,106.93576501465233,104.982783258017,105.67031530370814,21410900
2023-04-25,104.2354736328125,107.05534343035193,104.18564960305768,106.22831318973145,31408100
2023-04-26,104.07604217529297,106.63684068600577,102.90026653990267,105.18206873070585,37068200
2023-04-27,107.98201751708984,108.75922375234576,104.04615470741204,104.85325992270691,38235200
2023-04-28,107.8325424194336,107.90229149517131,105.66034714378546,107.41404796500721,23957900
2023-05-01,107.32437133789062,108.29089972052763,107.11512410073408,107.33433766406364,20926300
2023-05-02,105.60057067871094,107.34430527801405,104.12586607267103,107.2745561981251,20343100
2023-05-03,105.74006652832031,107.74286475083765,105.24185665368984,105.83970698283053,17116300
2023-05-04,104.83332824707031,105.91942980288601,104.32515201078664,105.7799316363893,19780600
2023-05-05,105.83472442626953,106.05892496085364,104.3640108828777,104.94293205845698,20705300
2023-05-08,107.85247039794922,108.03182625501442,105.41124507874765,105.41622444069306,17266000
2023-05-09,107.55355834960938,110.19905176881008,107.33932413413996,108.39054735366113,24782400
2023-05-10,111.87801361083984,113.10361330628417,108.09162294281039,108.16137202452967,47533500
2023-05-11,116.4814682006836,118.01595550033782,114.51852011215136,115.44519076706986,57115100
2023-05-12,117.49781799316406,117.8366046696003,116.13272776732981,116.58111362505589,31272500
2023-05-15,116.54125213623047,118.36968145093,116.06297491713575,116.07293364106069,22107900
2023-05-16,119.66004180908203,120.76606831830982,116.41171896054277,116.41171896054277,32370100
2023-05-17,121.04507446289062,121.84220570090527,119.03230231258894,119.74972574825769,26659600
2023-05-18,123.0777587890625,123.45640314282339,121.0550280014122,121.12477707677672,27014500
2023-05-19,122.80874633789062,126.02618231915096,122.2806450344743,123.7553421532127,30251300
2023-05-22,125.41935729980469,126.59513291479917,123.00801571510112,123.06780606981572,29760200
2023-05-23,122.84860229492188,124.97097380543636,122.60946366324927,124.48273021516478,24477900
2023-05-24,121.20450592041016,122.3105325253434,120.31769289152926,121.44364454788548,23087900
2023-05-25,123.90479278564453,125.52896182241781,122.45998720770835,124.7617143677008,33812700
2023-05-26,124.9809341430664,125.54889311737134,122.84859640781076,123.6208232628772,25154700
2023-05-30,124.19375610351562,125.92752432697391,122.45002155404963,125.83785019914231,27230700
2023-05-31,122.92831420898438,124.45283529590621,122.65927660418652,123.25712696739981,41548800
2023-06-01,123.92472839355469,124.59232780882452,122.8585595535293,123.05784046486733,25017700
2023-06-02,124.78164672851562,126.2912220185059,123.90479249659886,124.04429065129847,19362400
2023-06-05,126.17662811279297,127.53175955848104,123.93468371248129,124.16386359609469,22672500
2023-06-06,127.4520492553711,128.41857759419756,125.51899257771817,126.14673426073371,19450100
2023-06-07,122.4998550415039,129.08619065653886,122.1909597280458,127.11825543137033,34179300
2023-06-08,122.2308120727539,123.28702220451487,121.573178973808,122.14611730406055,24815000
2023-06-09,122.43009948730469,123.84003436962045,121.9817060309829,122.12120419017292,20304500
2023-06-12,123.90479278564453,124.30336220089292,121.91195331148192,122.95321011223285,22255700
2023-06-13,123.98450469970703,125.40938518771483,123.40160008216918,125.2001379610663,19287700
2023-06-14,123.9346923828125,124.34322815111472,121.72264680549934,123.35677467454859,24659600
2023-06-15,125.33963775634766,125.70831579027652,122.69912397234283,123.43647243812136,24517100
2023-06-16,123.61582946777344,126.24637695099157,123.34679948516035,126.24637695099157,56686800
2023-06-20,123.40657806396484,124.72683872492402,122.390233317026,123.09271102854142,22698000
2023-06-21,120.82585906982422,122.96816301827629,120.42728965582023,122.79378652399977,22612000
2023-06-22,123.426513671875,123.49127578437593,119.1717972027708,120.22800727725637,20781900
2023-06-23,122.57955932617188,122.99806141591192,121.42371632186054,121.60307218829777,29542900
2023-06-26,118.66362762451172,122.28063628128477,118.56398716720196,121.0311280700037,23185000
2023-06-27,118.58391571044922,119.46574170926495,116.49143577113968,117.41809883387904,27221700
2023-06-28,120.6465072631836,120.83582184957848,117.17896312766221,117.53767485209819,19753100
2023-06-29,119.58033752441406,120.47711682881669,118.78319867559406,119.66004532763249,18517500
2023-06-30,120.53689575195312,121.59309823131355,120.44721402332257,120.66642757988701,23865800
2023-07-03,120.12836456298828,120.58671674312428,119.27642992017535,119.88922594771722,13888300
2023-07-05,122.19095611572266,122.92831223384883,119.63015755940584,119.63015755940584,17830300
2023-07-06,120.49703979492188,120.71625335465971,118.82305432301757,120.20807715727466,17732500
2023-07-07,119.70986938476562,121.31410580688754,119.66004535592279,120.45718420493125,20982400
2023-07-10,116.45158386230469,118.64370436452255,116.22240396516169,118.64370436452255,32960100
2023-07-11,117.28856658935547,117.80172214687876,115.41530021640207,116.34197087794419,18286600
2023-07-12,119.19173431396484,120.52693314208985,118.57395132660703,118.87288029515295,22059600
2023-07-13,124.38308715820312,124.88627642733053,120.62658020370552,121.10486505915641,31535900
2023-07-14,125.24996185302734,126.6349847230031,124.452830599517,124.68200288909541,20482800
2023-07-17,124.61225891113281,126.82431210398272,124.05426625062286,125.60867872037475,20675300
2023-07-18,123.6357650756836,124.54250310002475,122.85855888279706,124.45780833306449,21071200
2023-07-19,122.34040832519531,125.02077972403349,122.03152065395217,124.3432140307319,22313800
2023-07-20,119.10205078125,124.25353903311256,118.26007488125666,121.68278187123195,27541700
2023-07-21,119.87926483154297,120.86572591630774,118.64370639651783,120.43726509419936,56498100
2023-07-24,121.44363403320312,122.90837225357116,120.94542416788498,121.48947457104292,22276100
2023-07-25,122.35038757324219,123.24716690939958,121.09489650262182,121.44364191054977,31820800
2023-07-26,129.19580078125,130.89967020225998,128.2492049691155,129.89329163207748,46216900
2023-07-27,129.405029296875,133.12168594668785,128.71749723017615,131.32812733881232,35931600
2023-07-28,132.53378295898438,133.59000064543451,130.45126937000117,130.50109339738742,26971000
2023-07-31,132.63345336914062,133.35087691278102,131.6569661252483,132.5338052975724,18381900
2023-08-01,131.4178009033203,132.44411203482923,130.2818829905746,130.38650280770463,22154300
2023-08-02,128.17942810058594,129.95305392950812,127.3922556345436,129.37512868576886,22705800
2023-08-03,128.30897521972656,129.30539496782444,127.31753483362061,127.91039819799217,15018100
2023-08-04,128.0797882080078,131.45765055848213,127.85560288634554,129.1360059164213,20509500
2023-08-07,131.46762084960938,131.58718635118814,128.96659761109194,129.04631301353058,17621000
2023-08-08,131.36798095703125,131.46762901731,129.6641116370438,130.51105933277577,16836000
2023-08-09,129.68402099609375,131.99572205375475,129.04134122111196,131.71672574736922,17745200
2023-08-10,129.7438201904297,132.1720915536337,129.56944369623338,131.49751344791378,17855700
2023-08-11,129.70396423339844,129.97300183799828,128.2890499343498,128.73942755082092,15191500
2023-08-14,131.3580322265625,131.43774764001847,129.12604626227642,129.3851251570485,17526200
2023-08-15,129.80360412597656,131.51744729958537,129.354214808165,131.1188702800492,14769200
2023-08-16,128.64776611328125,130.42935919155397,128.000099299133,128.81715566153295,17548400
2023-08-17,129.99293518066406,132.01665445022962,129.38511848803188,129.98296125189586,23665600
2023-08-18,127.65133666992188,129.36517988161967,126.54531012288619,128.59793240559983,23619400
2023-08-21,128.4683837890625,128.79720411242695,126.70473187850487,127.39225629762814,21851100
2023-08-22,129.22567749023438,130.4811608791981,128.46341700333525,128.6676848729172,15569400
2023-08-23,132.7330780029297,133.58999957295524,130.0427325872543,130.38152684826596,26497000
2023-08-24,129.9530487060547,134.48676114662558,129.8334832135897,134.24463494272104,18680400
2023-08-25,130.2220916748047,130.92954114013747,127.58157037470136,129.67405780465813,20678100
2023-08-28,131.3181610107422,132.76298190891964,130.38153915412704,131.6071312720416,16715500
2023-08-29,135.0049285888672,136.80345908866533,132.50390507844554,132.5218459872962,30803300
2023-08-30,136.43975830078125,136.7586199403511,134.53759627506585,135.08464194508886,21773400
2023-08-31,136.8582763671875,137.90450507608168,136.33017504801742,136.55934736286312,28147900
2023-09-01,136.31021118164062,138.0838369425788,135.45328967434352,137.93436487256164,16665700
2023-09-05,136.22055053710938,136.8781760161028,135.07465870358806,135.95151294779097,17730200
2023-09-06,134.88534545898438,136.98779187629833,134.207787282943,136.5244603114324,15814300
2023-09-07,135.71237182617188,136.09101621022137,133.48040123596684,134.11810929090532,16976000
2023-09-08,136.70880126953125,137.02267595699112,135.38356103590093,135.38356103590093,17810700
2023-09-11,137.2468719482422,137.7689980034681,136.0611299257338,136.88816020365275,17180800
2023-09-12,135.58285522460938,137.14722647068228,135.44334185070917,136.63905782466375,15212900
2023-09-13,137.00770568847656,137.2069865831919,134.44689981870354,135.4134281224385,16394900
2023-09-14,138.49240112304688,139.0503938091937,136.56930289669043,137.89454312836935,19064600
2023-09-15,137.8048553466797,138.86105785576552,136.68885488071825,138.30306522486424,48947600
2023-09-18,138.46249389648438,139.42900705740954,137.13725381648123,137.13725381648123,16233600
2023-09-19,138.3329620361328,138.67672808191895,137.007721883596,137.7550367302338,15479100
2023-09-20,134.10813903808594,138.34292324508579,134.0383975573102,138.33296452044917,21473500
2023-09-21,130.8896942138672,132.71314411463317,130.62065663397496,131.91600530275585,22042700
2023-09-22,130.7801055908203,132.53379905705475,130.0427494267534,131.2085588292352,17348700
2023-09-25,131.69679260253906,131.74661662938382,129.56445500934456,130.3018110758355,14650000
2023-09-26,128.98654174804688,130.93454430690107,127.73105825720303,130.44530485466524,20378800
2023-09-27,130.98934936523438,131.24841303136594,128.9167944237047,128.97657717710743,18764200
2023-09-28,132.6533660888672,133.6995946622991,130.22209946792395,130.22209946792395,18201400
2023-09-29,131.37794494628906,134.40705417719107,130.84984371591523,133.59995664413512,23224200
